"obs_date","tsi_freight"
"2000-01-01T00:00:00.000","104.9"
"2000-02-01T00:00:00.000","103.1"
"2000-03-01T00:00:00.000","99.7"
"2000-04-01T00:00:00.000","97.9"
"2000-05-01T00:00:00.000","98.9"
"2000-06-01T00:00:00.000","99.9"
"2000-07-01T00:00:00.000","97.7"
"2000-08-01T00:00:00.000","99.7"
"2000-09-01T00:00:00.000","99.7"
"2000-10-01T00:00:00.000","99.5"
"2000-11-01T00:00:00.000","100"
"2000-12-01T00:00:00.000","98.9"
"2001-01-01T00:00:00.000","99.3"
"2001-02-01T00:00:00.000","99.2"
"2001-03-01T00:00:00.000","99.5"
"2001-04-01T00:00:00.000","97.9"
"2001-05-01T00:00:00.000","99.4"
"2001-06-01T00:00:00.000","98.6"
"2001-07-01T00:00:00.000","97.7"
"2001-08-01T00:00:00.000","99.2"
"2001-09-01T00:00:00.000","98"
"2001-10-01T00:00:00.000","98.8"
"2001-11-01T00:00:00.000","98"
"2001-12-01T00:00:00.000","97.6"
"2002-01-01T00:00:00.000","98.7"
"2002-02-01T00:00:00.000","99.7"
"2002-03-01T00:00:00.000","98.9"
"2002-04-01T00:00:00.000","99.6"
"2002-05-01T00:00:00.000","100.9"
"2002-06-01T00:00:00.000","101.4"
"2002-07-01T00:00:00.000","102.7"
"2002-08-01T00:00:00.000","102.4"
"2002-09-01T00:00:00.000","102.9"
"2002-10-01T00:00:00.000","104.3"
"2002-11-01T00:00:00.000","104.6"
"2002-12-01T00:00:00.000","104.9"
"2003-01-01T00:00:00.000","104"
"2003-02-01T00:00:00.000","103.1"
"2003-03-01T00:00:00.000","103.5"
"2003-04-01T00:00:00.000","103.8"
"2003-05-01T00:00:00.000","102.8"
"2003-06-01T00:00:00.000","102.7"
"2003-07-01T00:00:00.000","104.1"
"2003-08-01T00:00:00.000","103.6"
"2003-09-01T00:00:00.000","104.8"
"2003-10-01T00:00:00.000","106.5"
"2003-11-01T00:00:00.000","106"
"2003-12-01T00:00:00.000","108.6"
"2004-01-01T00:00:00.000","107.6"
"2004-02-01T00:00:00.000","107.8"
"2004-03-01T00:00:00.000","110.2"
"2004-04-01T00:00:00.000","110.5"
"2004-05-01T00:00:00.000","110.2"
"2004-06-01T00:00:00.000","110.9"
"2004-07-01T00:00:00.000","111"
"2004-08-01T00:00:00.000","110"
"2004-09-01T00:00:00.000","110.6"
"2004-10-01T00:00:00.000","111.1"
"2004-11-01T00:00:00.000","112"
"2004-12-01T00:00:00.000","111.6"
"2005-01-01T00:00:00.000","113.8"
"2005-02-01T00:00:00.000","113"
"2005-03-01T00:00:00.000","112.2"
"2005-04-01T00:00:00.000","112.9"
"2005-05-01T00:00:00.000","112.2"
"2005-06-01T00:00:00.000","111.7"
"2005-07-01T00:00:00.000","111.7"
"2005-08-01T00:00:00.000","112.5"
"2005-09-01T00:00:00.000","111.5"
"2005-10-01T00:00:00.000","111"
"2005-11-01T00:00:00.000","113.7"
"2005-12-01T00:00:00.000","112.3"
"2006-01-01T00:00:00.000","112.4"
"2006-02-01T00:00:00.000","111.5"
"2006-03-01T00:00:00.000","112"
"2006-04-01T00:00:00.000","111.2"
"2006-05-01T00:00:00.000","113.5"
"2006-06-01T00:00:00.000","113"
"2006-07-01T00:00:00.000","111.8"
"2006-08-01T00:00:00.000","109.6"
"2006-09-01T00:00:00.000","112.8"
"2006-10-01T00:00:00.000","110.8"
"2006-11-01T00:00:00.000","108.5"
"2006-12-01T00:00:00.000","110.6"
"2007-01-01T00:00:00.000","109.9"
"2007-02-01T00:00:00.000","110.5"
"2007-03-01T00:00:00.000","111.7"
"2007-04-01T00:00:00.000","110.3"
"2007-05-01T00:00:00.000","110.4"
"2007-06-01T00:00:00.000","109.7"
"2007-07-01T00:00:00.000","108.7"
"2007-08-01T00:00:00.000","109.6"
"2007-09-01T00:00:00.000","109.3"
"2007-10-01T00:00:00.000","110.9"
"2007-11-01T00:00:00.000","110.7"
"2007-12-01T00:00:00.000","110.7"
"2008-01-01T00:00:00.000","113.4"
"2008-02-01T00:00:00.000","111.1"
"2008-03-01T00:00:00.000","109.6"
"2008-04-01T00:00:00.000","111.6"
"2008-05-01T00:00:00.000","111.3"
"2008-06-01T00:00:00.000","109.9"
"2008-07-01T00:00:00.000","111.1"
"2008-08-01T00:00:00.000","109"
"2008-09-01T00:00:00.000","107.4"
"2008-10-01T00:00:00.000","107.4"
"2008-11-01T00:00:00.000","104.2"
"2008-12-01T00:00:00.000","100.4"
"2009-01-01T00:00:00.000","98.6"
"2009-02-01T00:00:00.000","101.1"
"2009-03-01T00:00:00.000","95.8"
"2009-04-01T00:00:00.000","94.9"
"2009-05-01T00:00:00.000","95.1"
"2009-06-01T00:00:00.000","96.2"
"2009-07-01T00:00:00.000","98.4"
"2009-08-01T00:00:00.000","99.2"
"2009-09-01T00:00:00.000","99.7"
"2009-10-01T00:00:00.000","98.6"
"2009-11-01T00:00:00.000","101.3"
"2009-12-01T00:00:00.000","101.7"
"2010-01-01T00:00:00.000","103.1"
"2010-02-01T00:00:00.000","105.2"
"2010-03-01T00:00:00.000","105.4"
"2010-04-01T00:00:00.000","106.2"
"2010-05-01T00:00:00.000","106.3"
"2010-06-01T00:00:00.000","106.4"
"2010-07-01T00:00:00.000","106.9"
"2010-08-01T00:00:00.000","106.7"
"2010-09-01T00:00:00.000","107.2"
"2010-10-01T00:00:00.000","107.8"
"2010-11-01T00:00:00.000","107.3"
"2010-12-01T00:00:00.000","108.7"
"2011-01-01T00:00:00.000","110"
"2011-02-01T00:00:00.000","109.4"
"2011-03-01T00:00:00.000","110.9"
"2011-04-01T00:00:00.000","110.3"
"2011-05-01T00:00:00.000","108.5"
"2011-06-01T00:00:00.000","110.3"
"2011-07-01T00:00:00.000","110.1"
"2011-08-01T00:00:00.000","110.6"
"2011-09-01T00:00:00.000","111.2"
"2011-10-01T00:00:00.000","111.5"
"2011-11-01T00:00:00.000","111.8"
"2011-12-01T00:00:00.000","114.8"
"2012-01-01T00:00:00.000","111.2"
"2012-02-01T00:00:00.000","111.7"
"2012-03-01T00:00:00.000","111.6"
"2012-04-01T00:00:00.000","111.8"
"2012-05-01T00:00:00.000","112.7"
"2012-06-01T00:00:00.000","113.5"
"2012-07-01T00:00:00.000","113.2"
"2012-08-01T00:00:00.000","112.5"
"2012-09-01T00:00:00.000","111.8"
"2012-10-01T00:00:00.000","110.2"
"2012-11-01T00:00:00.000","111.8"
"2012-12-01T00:00:00.000","111.9"
"2013-01-01T00:00:00.000","114.1"
"2013-02-01T00:00:00.000","115.6"
"2013-03-01T00:00:00.000","115.5"
"2013-04-01T00:00:00.000","114.7"
"2013-05-01T00:00:00.000","115.7"
"2013-06-01T00:00:00.000","116.2"
"2013-07-01T00:00:00.000","115.8"
"2013-08-01T00:00:00.000","116.3"
"2013-09-01T00:00:00.000","116.4"
"2013-10-01T00:00:00.000","116.3"
"2013-11-01T00:00:00.000","118.7"
"2013-12-01T00:00:00.000","117.4"
"2014-01-01T00:00:00.000","115.9"
"2014-02-01T00:00:00.000","117.8"
"2014-03-01T00:00:00.000","119.7"
"2014-04-01T00:00:00.000","120.2"
"2014-05-01T00:00:00.000","120.7"
"2014-06-01T00:00:00.000","119.4"
"2014-07-01T00:00:00.000","120.1"
"2014-08-01T00:00:00.000","120.4"
"2014-09-01T00:00:00.000","121.5"
"2014-10-01T00:00:00.000","122.3"
"2014-11-01T00:00:00.000","122.9"
"2014-12-01T00:00:00.000","122.8"
"2015-01-01T00:00:00.000","122.6"
"2015-02-01T00:00:00.000","121.7"
"2015-03-01T00:00:00.000","122.6"
"2015-04-01T00:00:00.000","121.6"
"2015-05-01T00:00:00.000","121.7"
"2015-06-01T00:00:00.000","121.3"
"2015-07-01T00:00:00.000","122.4"
"2015-08-01T00:00:00.000","122.9"
"2015-09-01T00:00:00.000","123.1"
"2015-10-01T00:00:00.000","122.6"
"2015-11-01T00:00:00.000","120.7"
"2015-12-01T00:00:00.000","120.3"
"2016-01-01T00:00:00.000","122.1"
"2016-02-01T00:00:00.000","121.4"
"2016-03-01T00:00:00.000","120.4"
"2016-04-01T00:00:00.000","122.8"
"2016-05-01T00:00:00.000","122"
"2016-06-01T00:00:00.000","122.8"
"2016-07-01T00:00:00.000","125.2"
"2016-08-01T00:00:00.000","123.2"
"2016-09-01T00:00:00.000","121.9"
"2016-10-01T00:00:00.000","122.9"
"2016-11-01T00:00:00.000","123"
"2016-12-01T00:00:00.000","124.2"
"2017-01-01T00:00:00.000","123.8"
"2017-02-01T00:00:00.000","124.6"
"2017-03-01T00:00:00.000","124.9"
"2017-04-01T00:00:00.000","125.3"
"2017-05-01T00:00:00.000","125.9"
"2017-06-01T00:00:00.000","125.8"
"2017-07-01T00:00:00.000","128.2"
"2017-08-01T00:00:00.000","128.9"
"2017-09-01T00:00:00.000","128.8"
"2017-10-01T00:00:00.000","130.1"
"2017-11-01T00:00:00.000","131.7"
"2017-12-01T00:00:00.000","133.3"
"2018-01-01T00:00:00.000","131.3"
"2018-02-01T00:00:00.000","133.7"
"2018-03-01T00:00:00.000","135.3"
"2018-04-01T00:00:00.000","135.2"
"2018-05-01T00:00:00.000","136.2"
"2018-06-01T00:00:00.000","136.9"
"2018-07-01T00:00:00.000","135.6"
"2018-08-01T00:00:00.000","136.2"
"2018-09-01T00:00:00.000","138"
"2018-10-01T00:00:00.000","139.1"
"2018-11-01T00:00:00.000","139.2"
"2018-12-01T00:00:00.000","137.2"
"2019-01-01T00:00:00.000","137.5"
"2019-02-01T00:00:00.000","136.3"
"2019-03-01T00:00:00.000","136.4"
"2019-04-01T00:00:00.000","137.6"
"2019-05-01T00:00:00.000","137.4"
"2019-06-01T00:00:00.000","136.6"
"2019-07-01T00:00:00.000","138.6"
"2019-08-01T00:00:00.000","140.7"
"2019-09-01T00:00:00.000","137"
"2019-10-01T00:00:00.000","137"
"2019-11-01T00:00:00.000","136.7"
"2019-12-01T00:00:00.000","135.4"
"2020-01-01T00:00:00.000","135.6"
"2020-02-01T00:00:00.000","135.1"
"2020-03-01T00:00:00.000","133.9"
"2020-04-01T00:00:00.000","123.7"
"2020-05-01T00:00:00.000","125.5"
"2020-06-01T00:00:00.000","128.5"
"2020-07-01T00:00:00.000","132.5"
"2020-08-01T00:00:00.000","130.8"
"2020-09-01T00:00:00.000","131.1"
"2020-10-01T00:00:00.000","132"
"2020-11-01T00:00:00.000","132.3"
"2020-12-01T00:00:00.000","133.9"
"2021-01-01T00:00:00.000","136.2"
"2021-02-01T00:00:00.000","131.7"
"2021-03-01T00:00:00.000","134.6"
"2021-04-01T00:00:00.000","136.2"
"2021-05-01T00:00:00.000","135.1"
"2021-06-01T00:00:00.000","134"
"2021-07-01T00:00:00.000","132.9"
"2021-08-01T00:00:00.000","131.7"
"2021-09-01T00:00:00.000","132.8"
"2021-10-01T00:00:00.000","134.5"
"2021-11-01T00:00:00.000","135.5"
"2021-12-01T00:00:00.000","136"
"2022-01-01T00:00:00.000","137.4"
"2022-02-01T00:00:00.000","137.4"
"2022-03-01T00:00:00.000","139.1"
"2022-04-01T00:00:00.000","138.4"
"2022-05-01T00:00:00.000","138"
"2022-06-01T00:00:00.000","138.2"
"2022-07-01T00:00:00.000","137"
"2022-08-01T00:00:00.000","137.8"
"2022-09-01T00:00:00.000","138.3"
"2022-10-01T00:00:00.000","137"
"2022-11-01T00:00:00.000","134.7"
"2022-12-01T00:00:00.000","135.3"
"2023-01-01T00:00:00.000","138.1"
"2023-02-01T00:00:00.000","139"
"2023-03-01T00:00:00.000","137.7"
"2023-04-01T00:00:00.000","137"
"2023-05-01T00:00:00.000","136.8"
"2023-06-01T00:00:00.000","137"
"2023-07-01T00:00:00.000","137.7"
"2023-08-01T00:00:00.000","137"
"2023-09-01T00:00:00.000","137.5"
"2023-10-01T00:00:00.000","137.7"
"2023-11-01T00:00:00.000","137.5"
"2023-12-01T00:00:00.000","138.5"
"2024-01-01T00:00:00.000","135.2"
"2024-02-01T00:00:00.000","136.7"
"2024-03-01T00:00:00.000","136.7"
"2024-04-01T00:00:00.000","135.2"
"2024-05-01T00:00:00.000","138.6"
"2024-06-01T00:00:00.000","138"
"2024-07-01T00:00:00.000","137.3"
"2024-08-01T00:00:00.000","138.8"
"2024-09-01T00:00:00.000","137.3"
"2024-10-01T00:00:00.000","138.3"
"2024-11-01T00:00:00.000","137.1"
"2024-12-01T00:00:00.000","137.4"
"2025-01-01T00:00:00.000","137.8"
"2025-02-01T00:00:00.000","136.8"
"2025-03-01T00:00:00.000","137.6"
"2025-04-01T00:00:00.000","137.5"
"2025-05-01T00:00:00.000","136.9"
"2025-06-01T00:00:00.000","137"
"2025-07-01T00:00:00.000","138.5"
"2025-08-01T00:00:00.000","138.9"
"2025-09-01T00:00:00.000","138"
"2025-10-01T00:00:00.000","136.7"
"2025-11-01T00:00:00.000","137.2"
"2025-12-01T00:00:00.000","136.9"
"2026-01-01T00:00:00.000","136.3"
"2026-02-01T00:00:00.000","138.4"
"2026-03-01T00:00:00.000","139.3"
"2026-04-01T00:00:00.000","138.2"
"2026-05-01T00:00:00.000","135.3"
"2026-06-01T00:00:00.000","136.6"
"2026-07-01T00:00:00.000","135.7"
